-- MySQL dump 10.13  Distrib 9.2.0, for macos15.2 (arm64)
--
-- Host: localhost    Database: schools
-- ------------------------------------------------------
-- Server version	9.2.0

/*!40101 SET @OLD_CHARACTER_SET_CLIENT=@@CHARACTER_SET_CLIENT */;
/*!40101 SET @OLD_CHARACTER_SET_RESULTS=@@CHARACTER_SET_RESULTS */;
/*!40101 SET @OLD_COLLATION_CONNECTION=@@COLLATION_CONNECTION */;
/*!50503 SET NAMES utf8mb4 */;
/*!40103 SET @OLD_TIME_ZONE=@@TIME_ZONE */;
/*!40103 SET TIME_ZONE='+00:00' */;
/*!40014 SET @OLD_UNIQUE_CHECKS=@@UNIQUE_CHECKS, UNIQUE_CHECKS=0 */;
/*!40014 SET @OLD_FOREIGN_KEY_CHECKS=@@FOREIGN_KEY_CHECKS, FOREIGN_KEY_CHECKS=0 */;
/*!40101 SET @OLD_SQL_MODE=@@SQL_MODE, SQL_MODE='NO_AUTO_VALUE_ON_ZERO' */;
/*!40111 SET @OLD_SQL_NOTES=@@SQL_NOTES, SQL_NOTES=0 */;

--
-- Table structure for table `academic_record`
--

DROP TABLE IF EXISTS `academic_record`;
/*!40101 SET @saved_cs_client     = @@character_set_client */;
/*!50503 SET character_set_client = utf8mb4 */;
CREATE TABLE `academic_record` (
  `record_id` varchar(10) NOT NULL,
  `student_id` varchar(10) DEFAULT NULL,
  `semester` varchar(10) DEFAULT NULL,
  `grades` float DEFAULT NULL,
  `attendance` int DEFAULT NULL,
  `update_date` date DEFAULT NULL,
  PRIMARY KEY (`record_id`),
  KEY `student_id` (`student_id`),
  CONSTRAINT `academic_record_ibfk_1` FOREIGN KEY (`student_id`) REFERENCES `student` (`student_id`)
) ENGINE=InnoDB DEFAULT CHARSET=utf8mb4 COLLATE=utf8mb4_0900_ai_ci;
/*!40101 SET character_set_client = @saved_cs_client */;

--
-- Dumping data for table `academic_record`
--

LOCK TABLES `academic_record` WRITE;
/*!40000 ALTER TABLE `academic_record` DISABLE KEYS */;
INSERT INTO `academic_record` VALUES ('AR401','STU101','Sem 1',8.5,95,'2024-01-10'),('AR402','STU102','Sem 1',7.8,89,'2024-01-12'),('AR403','STU103','Sem 2',8.2,92,'2024-01-15'),('AR404','STU104','Sem 2',7.5,85,'2024-01-20'),('AR405','STU105','Sem 3',8.9,98,'2024-02-05'),('AR406','STU106','Sem 3',7.6,90,'2024-02-10'),('AR407','STU107','Sem 4',8,94,'2024-02-15'),('AR408','STU108','Sem 4',7.9,87,'2024-03-01'),('AR409','STU109','Sem 5',8.7,96,'2024-03-10'),('AR410','STU110','Sem 5',7.3,80,'2024-03-20');
/*!40000 ALTER TABLE `academic_record` ENABLE KEYS */;
UNLOCK TABLES;

--
-- Table structure for table `academic_records`
--

DROP TABLE IF EXISTS `academic_records`;
/*!40101 SET @saved_cs_client     = @@character_set_client */;
/*!50503 SET character_set_client = utf8mb4 */;
CREATE TABLE `academic_records` (
  `record_id` int NOT NULL AUTO_INCREMENT,
  `student_id` int NOT NULL,
  `school_standard` varchar(50) NOT NULL,
  `subject` varchar(100) NOT NULL,
  `marks` decimal(5,2) NOT NULL,
  `percentage` decimal(5,2) NOT NULL,
  `grade` varchar(2) NOT NULL,
  `created_at` timestamp NULL DEFAULT CURRENT_TIMESTAMP,
  `academic_year` varchar(9) NOT NULL,
  PRIMARY KEY (`record_id`),
  KEY `student_id` (`student_id`),
  CONSTRAINT `academic_records_ibfk_1` FOREIGN KEY (`student_id`) REFERENCES `students` (`student_id`)
) ENGINE=InnoDB AUTO_INCREMENT=461 DEFAULT CHARSET=utf8mb4 COLLATE=utf8mb4_0900_ai_ci;
/*!40101 SET character_set_client = @saved_cs_client */;

--
-- Dumping data for table `academic_records`
--

LOCK TABLES `academic_records` WRITE;
/*!40000 ALTER TABLE `academic_records` DISABLE KEYS */;
INSERT INTO `academic_records` VALUES (1,1,'3rd','English',79.60,80.00,'A','2025-05-02 03:51:53','2020-2021'),(2,2,'3rd','English',72.10,72.00,'B+','2025-05-02 03:51:53','2020-2021'),(3,4,'3rd','English',61.70,62.00,'B','2025-05-02 03:51:53','2020-2021'),(4,6,'3rd','English',72.40,72.00,'B+','2025-05-02 03:51:53','2020-2021'),(5,10,'3rd','English',76.70,77.00,'B+','2025-05-02 03:51:53','2020-2021'),(6,12,'3rd','English',66.60,67.00,'B','2025-05-02 03:51:53','2020-2021'),(7,15,'3rd','English',82.50,83.00,'A','2025-05-02 03:51:53','2020-2021'),(8,19,'3rd','English',73.00,73.00,'B+','2025-05-02 03:51:53','2020-2021'),(9,22,'3rd','English',97.30,97.00,'A+','2025-05-02 03:51:53','2020-2021'),(10,23,'3rd','English',87.50,88.00,'A','2025-05-02 03:51:53','2020-2021'),(11,26,'3rd','English',85.60,86.00,'A','2025-05-02 03:51:53','2020-2021'),(12,3,'3rd','English',65.70,66.00,'B','2025-05-02 03:51:53','2020-2021'),(13,7,'3rd','English',91.40,91.00,'A+','2025-05-02 03:51:53','2020-2021'),(14,9,'3rd','English',80.10,80.00,'A','2025-05-02 03:51:53','2020-2021'),(15,13,'3rd','English',66.20,66.00,'B','2025-05-02 03:51:53','2020-2021'),(16,16,'3rd','English',70.70,71.00,'B+','2025-05-02 03:51:53','2020-2021'),(17,18,'3rd','English',94.80,95.00,'A+','2025-05-02 03:51:53','2020-2021'),(18,21,'3rd','English',82.10,82.00,'A','2025-05-02 03:51:53','2020-2021'),(19,25,'3rd','English',65.90,66.00,'B','2025-05-02 03:51:53','2020-2021'),(20,5,'3rd','English',63.20,63.00,'B','2025-05-02 03:51:53','2020-2021'),(21,8,'3rd','English',98.50,99.00,'A+','2025-05-02 03:51:53','2020-2021'),(22,11,'3rd','English',82.70,83.00,'A','2025-05-02 03:51:53','2020-2021'),(23,14,'3rd','English',97.90,98.00,'A+','2025-05-02 03:51:53','2020-2021'),(24,17,'3rd','English',61.40,61.00,'B','2025-05-02 03:51:53','2020-2021'),(25,20,'3rd','English',73.20,73.00,'B+','2025-05-02 03:51:53','2020-2021'),(26,24,'3rd','English',82.00,82.00,'A','2025-05-02 03:51:53','2020-2021'),(32,1,'3rd','Hindi',90.20,90.00,'A+','2025-05-02 03:51:53','2020-2021'),(33,2,'3rd','Hindi',65.20,65.00,'B','2025-05-02 03:51:53','2020-2021'),(34,4,'3rd','Hindi',75.10,75.00,'B+','2025-05-02 03:51:53','2020-2021'),(35,6,'3rd','Hindi',80.30,80.00,'A','2025-05-02 03:51:53','2020-2021'),(36,10,'3rd','Hindi',75.90,76.00,'B+','2025-05-02 03:51:53','2020-2021'),(37,12,'3rd','Hindi',78.60,79.00,'B+','2025-05-02 03:51:53','2020-2021'),(38,15,'3rd','Hindi',65.40,65.00,'B','2025-05-02 03:51:53','2020-2021'),(39,19,'3rd','Hindi',71.30,71.00,'B+','2025-05-02 03:51:53','2020-2021'),(40,22,'3rd','Hindi',60.30,60.00,'B','2025-05-02 03:51:53','2020-2021'),(41,23,'3rd','Hindi',67.60,68.00,'B','2025-05-02 03:51:53','2020-2021'),(42,26,'3rd','Hindi',97.10,97.00,'A+','2025-05-02 03:51:53','2020-2021'),(43,3,'3rd','Hindi',62.90,63.00,'B','2025-05-02 03:51:53','2020-2021'),(44,7,'3rd','Hindi',82.90,83.00,'A','2025-05-02 03:51:53','2020-2021'),(45,9,'3rd','Hindi',85.70,86.00,'A','2025-05-02 03:51:53','2020-2021'),(46,13,'3rd','Hindi',80.10,80.00,'A','2025-05-02 03:51:53','2020-2021'),(47,16,'3rd','Hindi',83.40,83.00,'A','2025-05-02 03:51:53','2020-2021'),(48,18,'3rd','Hindi',76.70,77.00,'B+','2025-05-02 03:51:53','2020-2021'),(49,21,'3rd','Hindi',73.40,73.00,'B+','2025-05-02 03:51:53','2020-2021'),(50,25,'3rd','Hindi',76.90,77.00,'B+','2025-05-02 03:51:53','2020-2021'),(51,5,'3rd','Hindi',64.40,64.00,'B','2025-05-02 03:51:53','2020-2021'),(52,8,'3rd','Hindi',71.10,71.00,'B+','2025-05-02 03:51:53','2020-2021'),(53,11,'3rd','Hindi',62.20,62.00,'B','2025-05-02 03:51:53','2020-2021'),(54,14,'3rd','Hindi',77.80,78.00,'B+','2025-05-02 03:51:53','2020-2021'),(55,17,'3rd','Hindi',62.20,62.00,'B','2025-05-02 03:51:53','2020-2021'),(56,20,'3rd','Hindi',97.90,98.00,'A+','2025-05-02 03:51:53','2020-2021'),(57,24,'3rd','Hindi',82.90,83.00,'A','2025-05-02 03:51:53','2020-2021'),(63,1,'3rd','Maths',60.60,61.00,'B','2025-05-02 03:51:53','2020-2021'),(64,2,'3rd','Maths',74.40,74.00,'B+','2025-05-02 03:51:53','2020-2021'),(65,4,'3rd','Maths',90.30,90.00,'A+','2025-05-02 03:51:53','2020-2021'),(66,6,'3rd','Maths',88.30,88.00,'A','2025-05-02 03:51:53','2020-2021'),(67,10,'3rd','Maths',70.40,70.00,'B+','2025-05-02 03:51:53','2020-2021'),(68,12,'3rd','Maths',67.10,67.00,'B','2025-05-02 03:51:53','2020-2021'),(69,15,'3rd','Maths',64.50,65.00,'B','2025-05-02 03:51:53','2020-2021'),(70,19,'3rd','Maths',61.30,61.00,'B','2025-05-02 03:51:53','2020-2021'),(71,22,'3rd','Maths',92.80,93.00,'A+','2025-05-02 03:51:53','2020-2021'),(72,23,'3rd','Maths',60.30,60.00,'B','2025-05-02 03:51:53','2020-2021'),(73,26,'3rd','Maths',83.10,83.00,'A','2025-05-02 03:51:53','2020-2021'),(74,3,'3rd','Maths',94.30,94.00,'A+','2025-05-02 03:51:53','2020-2021'),(75,7,'3rd','Maths',82.50,83.00,'A','2025-05-02 03:51:53','2020-2021'),(76,9,'3rd','Maths',69.50,70.00,'B+','2025-05-02 03:51:53','2020-2021'),(77,13,'3rd','Maths',79.80,80.00,'A','2025-05-02 03:51:53','2020-2021'),(78,16,'3rd','Maths',90.70,91.00,'A+','2025-05-02 03:51:53','2020-2021'),(79,18,'3rd','Maths',74.20,74.00,'B+','2025-05-02 03:51:53','2020-2021'),(80,21,'3rd','Maths',78.60,79.00,'B+','2025-05-02 03:51:53','2020-2021'),(81,25,'3rd','Maths',70.70,71.00,'B+','2025-05-02 03:51:53','2020-2021'),(82,5,'3rd','Maths',97.80,98.00,'A+','2025-05-02 03:51:53','2020-2021'),(83,8,'3rd','Maths',96.80,97.00,'A+','2025-05-02 03:51:53','2020-2021'),(84,11,'3rd','Maths',90.40,90.00,'A+','2025-05-02 03:51:53','2020-2021'),(85,14,'3rd','Maths',61.70,62.00,'B','2025-05-02 03:51:53','2020-2021'),(86,17,'3rd','Maths',97.20,97.00,'A+','2025-05-02 03:51:53','2020-2021'),(87,20,'3rd','Maths',81.10,81.00,'A','2025-05-02 03:51:53','2020-2021'),(88,24,'3rd','Maths',93.80,94.00,'A+','2025-05-02 03:51:53','2020-2021'),(94,1,'3rd','EVS',85.60,86.00,'A','2025-05-02 03:51:53','2020-2021'),(95,2,'3rd','EVS',86.70,87.00,'A','2025-05-02 03:51:53','2020-2021'),(96,4,'3rd','EVS',76.70,77.00,'B+','2025-05-02 03:51:53','2020-2021'),(97,6,'3rd','EVS',63.60,64.00,'B','2025-05-02 03:51:53','2020-2021'),(98,10,'3rd','EVS',67.60,68.00,'B','2025-05-02 03:51:53','2020-2021'),(99,12,'3rd','EVS',87.40,87.00,'A','2025-05-02 03:51:53','2020-2021'),(100,15,'3rd','EVS',94.20,94.00,'A+','2025-05-02 03:51:53','2020-2021'),(101,19,'3rd','EVS',68.80,69.00,'B','2025-05-02 03:51:53','2020-2021'),(102,22,'3rd','EVS',81.50,82.00,'A','2025-05-02 03:51:53','2020-2021'),(103,23,'3rd','EVS',61.10,61.00,'B','2025-05-02 03:51:53','2020-2021'),(104,26,'3rd','EVS',81.00,81.00,'A','2025-05-02 03:51:53','2020-2021'),(105,3,'3rd','EVS',81.70,82.00,'A','2025-05-02 03:51:53','2020-2021'),(106,7,'3rd','EVS',65.40,65.00,'B','2025-05-02 03:51:53','2020-2021'),(107,9,'3rd','EVS',62.10,62.00,'B','2025-05-02 03:51:53','2020-2021'),(108,13,'3rd','EVS',94.20,94.00,'A+','2025-05-02 03:51:53','2020-2021'),(109,16,'3rd','EVS',64.60,65.00,'B','2025-05-02 03:51:53','2020-2021'),(110,18,'3rd','EVS',60.40,60.00,'B','2025-05-02 03:51:53','2020-2021'),(111,21,'3rd','EVS',88.10,88.00,'A','2025-05-02 03:51:53','2020-2021'),(112,25,'3rd','EVS',79.40,79.00,'B+','2025-05-02 03:51:53','2020-2021'),(113,5,'3rd','EVS',72.90,73.00,'B+','2025-05-02 03:51:53','2020-2021'),(114,8,'3rd','EVS',66.10,66.00,'B','2025-05-02 03:51:53','2020-2021'),(115,11,'3rd','EVS',91.80,92.00,'A+','2025-05-02 03:51:53','2020-2021'),(116,14,'3rd','EVS',80.70,81.00,'A','2025-05-02 03:51:53','2020-2021'),(117,17,'3rd','EVS',68.00,68.00,'B','2025-05-02 03:51:53','2020-2021'),(118,20,'3rd','EVS',77.90,78.00,'B+','2025-05-02 03:51:53','2020-2021'),(119,24,'3rd','EVS',85.40,85.00,'A','2025-05-02 03:51:53','2020-2021'),(125,1,'3rd','Computer',93.30,93.00,'A+','2025-05-02 03:51:53','2020-2021'),(126,2,'3rd','Computer',70.20,70.00,'B+','2025-05-02 03:51:53','2020-2021'),(127,4,'3rd','Computer',91.30,91.00,'A+','2025-05-02 03:51:53','2020-2021'),(128,6,'3rd','Computer',66.00,66.00,'B','2025-05-02 03:51:53','2020-2021'),(129,10,'3rd','Computer',76.00,76.00,'B+','2025-05-02 03:51:53','2020-2021'),(130,12,'3rd','Computer',82.10,82.00,'A','2025-05-02 03:51:53','2020-2021'),(131,15,'3rd','Computer',82.30,82.00,'A','2025-05-02 03:51:53','2020-2021'),(132,19,'3rd','Computer',65.30,65.00,'B','2025-05-02 03:51:53','2020-2021'),(133,22,'3rd','Computer',99.40,99.00,'A+','2025-05-02 03:51:53','2020-2021'),(134,23,'3rd','Computer',81.40,81.00,'A','2025-05-02 03:51:53','2020-2021'),(135,26,'3rd','Computer',88.50,89.00,'A','2025-05-02 03:51:53','2020-2021'),(136,3,'3rd','Computer',98.40,98.00,'A+','2025-05-02 03:51:53','2020-2021'),(137,7,'3rd','Computer',86.60,87.00,'A','2025-05-02 03:51:53','2020-2021'),(138,9,'3rd','Computer',77.90,78.00,'B+','2025-05-02 03:51:53','2020-2021'),(139,13,'3rd','Computer',69.70,70.00,'B+','2025-05-02 03:51:53','2020-2021'),(140,16,'3rd','Computer',94.80,95.00,'A+','2025-05-02 03:51:53','2020-2021'),(141,18,'3rd','Computer',85.00,85.00,'A','2025-05-02 03:51:53','2020-2021'),(142,21,'3rd','Computer',80.30,80.00,'A','2025-05-02 03:51:53','2020-2021'),(143,25,'3rd','Computer',86.60,87.00,'A','2025-05-02 03:51:53','2020-2021'),(144,5,'3rd','Computer',92.10,92.00,'A+','2025-05-02 03:51:53','2020-2021'),(145,8,'3rd','Computer',60.70,61.00,'B','2025-05-02 03:51:53','2020-2021'),(146,11,'3rd','Computer',87.40,87.00,'A','2025-05-02 03:51:53','2020-2021'),(147,14,'3rd','Computer',74.80,75.00,'B+','2025-05-02 03:51:53','2020-2021'),(148,17,'3rd','Computer',91.60,92.00,'A+','2025-05-02 03:51:53','2020-2021'),(149,20,'3rd','Computer',93.90,94.00,'A+','2025-05-02 03:51:53','2020-2021'),(150,24,'3rd','Computer',94.60,95.00,'A+','2025-05-02 03:51:53','2020-2021'),(156,1,'4th','English',91.20,91.20,'A+','2025-05-02 03:51:53','2021-2022'),(157,2,'4th','English',72.10,72.10,'B+','2025-05-02 03:51:53','2021-2022'),(158,4,'4th','English',67.00,67.00,'B','2025-05-02 03:51:53','2021-2022'),(159,6,'4th','English',98.70,98.70,'A+','2025-05-02 03:51:53','2021-2022'),(160,10,'4th','English',72.70,72.70,'B+','2025-05-02 03:51:53','2021-2022'),(161,12,'4th','English',87.10,87.10,'A','2025-05-02 03:51:53','2021-2022'),(162,15,'4th','English',77.70,77.70,'B+','2025-05-02 03:51:53','2021-2022'),(163,19,'4th','English',67.20,67.20,'B','2025-05-02 03:51:53','2021-2022'),(164,22,'4th','English',82.70,82.70,'A','2025-05-02 03:51:53','2021-2022'),(165,23,'4th','English',71.90,71.90,'B+','2025-05-02 03:51:53','2021-2022'),(166,26,'4th','English',91.40,91.40,'A+','2025-05-02 03:51:53','2021-2022'),(167,3,'4th','English',61.60,61.60,'B','2025-05-02 03:51:53','2021-2022'),(168,7,'4th','English',93.40,93.40,'A+','2025-05-02 03:51:53','2021-2022'),(169,9,'4th','English',62.40,62.40,'B','2025-05-02 03:51:53','2021-2022'),(170,13,'4th','English',91.80,91.80,'A+','2025-05-02 03:51:53','2021-2022'),(171,16,'4th','English',91.60,91.60,'A+','2025-05-02 03:51:53','2021-2022'),(172,18,'4th','English',82.80,82.80,'A','2025-05-02 03:51:53','2021-2022'),(173,21,'4th','English',79.10,79.10,'B+','2025-05-02 03:51:53','2021-2022'),(174,25,'4th','English',87.10,87.10,'A','2025-05-02 03:51:53','2021-2022'),(175,5,'4th','English',98.00,98.00,'A+','2025-05-02 03:51:53','2021-2022'),(176,8,'4th','English',88.90,88.90,'A','2025-05-02 03:51:53','2021-2022'),(177,11,'4th','English',90.50,90.50,'A+','2025-05-02 03:51:53','2021-2022'),(178,14,'4th','English',85.90,85.90,'A','2025-05-02 03:51:53','2021-2022'),(179,17,'4th','English',97.70,97.70,'A+','2025-05-02 03:51:53','2021-2022'),(180,20,'4th','English',91.00,91.00,'A+','2025-05-02 03:51:53','2021-2022'),(181,24,'4th','English',61.80,61.80,'B','2025-05-02 03:51:53','2021-2022'),(187,1,'4th','Hindi',95.80,95.80,'A+','2025-05-02 03:51:53','2021-2022'),(188,2,'4th','Hindi',74.00,74.00,'B+','2025-05-02 03:51:53','2021-2022'),(189,4,'4th','Hindi',62.30,62.30,'B','2025-05-02 03:51:53','2021-2022'),(190,6,'4th','Hindi',69.70,69.70,'B','2025-05-02 03:51:53','2021-2022'),(191,10,'4th','Hindi',61.50,61.50,'B','2025-05-02 03:51:53','2021-2022'),(192,12,'4th','Hindi',78.30,78.30,'B+','2025-05-02 03:51:53','2021-2022'),(193,15,'4th','Hindi',67.20,67.20,'B','2025-05-02 03:51:53','2021-2022'),(194,19,'4th','Hindi',80.80,80.80,'A','2025-05-02 03:51:53','2021-2022'),(195,22,'4th','Hindi',62.70,62.70,'B','2025-05-02 03:51:53','2021-2022'),(196,23,'4th','Hindi',90.90,90.90,'A+','2025-05-02 03:51:53','2021-2022'),(197,26,'4th','Hindi',86.60,86.60,'A','2025-05-02 03:51:53','2021-2022'),(198,3,'4th','Hindi',60.00,60.00,'B','2025-05-02 03:51:53','2021-2022'),(199,7,'4th','Hindi',60.40,60.40,'B','2025-05-02 03:51:53','2021-2022'),(200,9,'4th','Hindi',62.20,62.20,'B','2025-05-02 03:51:53','2021-2022'),(201,13,'4th','Hindi',69.50,69.50,'B','2025-05-02 03:51:53','2021-2022'),(202,16,'4th','Hindi',61.10,61.10,'B','2025-05-02 03:51:53','2021-2022'),(203,18,'4th','Hindi',77.00,77.00,'B+','2025-05-02 03:51:53','2021-2022'),(204,21,'4th','Hindi',61.50,61.50,'B','2025-05-02 03:51:53','2021-2022'),(205,25,'4th','Hindi',96.40,96.40,'A+','2025-05-02 03:51:53','2021-2022'),(206,5,'4th','Hindi',77.70,77.70,'B+','2025-05-02 03:51:53','2021-2022'),(207,8,'4th','Hindi',79.30,79.30,'B+','2025-05-02 03:51:53','2021-2022'),(208,11,'4th','Hindi',63.40,63.40,'B','2025-05-02 03:51:53','2021-2022'),(209,14,'4th','Hindi',99.30,99.30,'A+','2025-05-02 03:51:53','2021-2022'),(210,17,'4th','Hindi',86.00,86.00,'A','2025-05-02 03:51:53','2021-2022'),(211,20,'4th','Hindi',72.40,72.40,'B+','2025-05-02 03:51:53','2021-2022'),(212,24,'4th','Hindi',83.70,83.70,'A','2025-05-02 03:51:53','2021-2022'),(218,1,'4th','Maths',61.40,61.40,'B','2025-05-02 03:51:53','2021-2022'),(219,2,'4th','Maths',75.80,75.80,'B+','2025-05-02 03:51:53','2021-2022'),(220,4,'4th','Maths',94.80,94.80,'A+','2025-05-02 03:51:53','2021-2022'),(221,6,'4th','Maths',66.70,66.70,'B','2025-05-02 03:51:53','2021-2022'),(222,10,'4th','Maths',69.00,69.00,'B','2025-05-02 03:51:53','2021-2022'),(223,12,'4th','Maths',84.90,84.90,'A','2025-05-02 03:51:53','2021-2022'),(224,15,'4th','Maths',77.50,77.50,'B+','2025-05-02 03:51:53','2021-2022'),(225,19,'4th','Maths',73.00,73.00,'B+','2025-05-02 03:51:53','2021-2022'),(226,22,'4th','Maths',72.20,72.20,'B+','2025-05-02 03:51:53','2021-2022'),(227,23,'4th','Maths',82.20,82.20,'A','2025-05-02 03:51:53','2021-2022'),(228,26,'4th','Maths',94.20,94.20,'A+','2025-05-02 03:51:53','2021-2022'),(229,3,'4th','Maths',84.60,84.60,'A','2025-05-02 03:51:53','2021-2022'),(230,7,'4th','Maths',80.30,80.30,'A','2025-05-02 03:51:53','2021-2022'),(231,9,'4th','Maths',87.60,87.60,'A','2025-05-02 03:51:53','2021-2022'),(232,13,'4th','Maths',97.10,97.10,'A+','2025-05-02 03:51:53','2021-2022'),(233,16,'4th','Maths',82.70,82.70,'A','2025-05-02 03:51:53','2021-2022'),(234,18,'4th','Maths',62.40,62.40,'B','2025-05-02 03:51:53','2021-2022'),(235,21,'4th','Maths',84.00,84.00,'A','2025-05-02 03:51:53','2021-2022'),(236,25,'4th','Maths',92.50,92.50,'A+','2025-05-02 03:51:53','2021-2022'),(237,5,'4th','Maths',70.70,70.70,'B+','2025-05-02 03:51:53','2021-2022'),(238,8,'4th','Maths',95.80,95.80,'A+','2025-05-02 03:51:53','2021-2022'),(239,11,'4th','Maths',87.10,87.10,'A','2025-05-02 03:51:53','2021-2022'),(240,14,'4th','Maths',87.90,87.90,'A','2025-05-02 03:51:53','2021-2022'),(241,17,'4th','Maths',78.40,78.40,'B+','2025-05-02 03:51:53','2021-2022'),(242,20,'4th','Maths',68.10,68.10,'B','2025-05-02 03:51:53','2021-2022'),(243,24,'4th','Maths',85.20,85.20,'A','2025-05-02 03:51:53','2021-2022'),(249,1,'4th','EVS',82.00,82.00,'A','2025-05-02 03:51:53','2021-2022'),(250,2,'4th','EVS',94.10,94.10,'A+','2025-05-02 03:51:53','2021-2022'),(251,4,'4th','EVS',84.80,84.80,'A','2025-05-02 03:51:53','2021-2022'),(252,6,'4th','EVS',81.70,81.70,'A','2025-05-02 03:51:53','2021-2022'),(253,10,'4th','EVS',94.20,94.20,'A+','2025-05-02 03:51:53','2021-2022'),(254,12,'4th','EVS',85.80,85.80,'A','2025-05-02 03:51:53','2021-2022'),(255,15,'4th','EVS',86.50,86.50,'A','2025-05-02 03:51:53','2021-2022'),(256,19,'4th','EVS',74.90,74.90,'B+','2025-05-02 03:51:53','2021-2022'),(257,22,'4th','EVS',95.20,95.20,'A+','2025-05-02 03:51:53','2021-2022'),(258,23,'4th','EVS',71.30,71.30,'B+','2025-05-02 03:51:53','2021-2022'),(259,26,'4th','EVS',90.80,90.80,'A+','2025-05-02 03:51:53','2021-2022'),(260,3,'4th','EVS',100.00,100.00,'A+','2025-05-02 03:51:53','2021-2022'),(261,7,'4th','EVS',87.50,87.50,'A','2025-05-02 03:51:53','2021-2022'),(262,9,'4th','EVS',77.80,77.80,'B+','2025-05-02 03:51:53','2021-2022'),(263,13,'4th','EVS',66.60,66.60,'B','2025-05-02 03:51:53','2021-2022'),(264,16,'4th','EVS',79.40,79.40,'B+','2025-05-02 03:51:53','2021-2022'),(265,18,'4th','EVS',97.10,97.10,'A+','2025-05-02 03:51:53','2021-2022'),(266,21,'4th','EVS',67.30,67.30,'B','2025-05-02 03:51:53','2021-2022'),(267,25,'4th','EVS',65.10,65.10,'B','2025-05-02 03:51:53','2021-2022'),(268,5,'4th','EVS',63.80,63.80,'B','2025-05-02 03:51:53','2021-2022'),(269,8,'4th','EVS',63.50,63.50,'B','2025-05-02 03:51:53','2021-2022'),(270,11,'4th','EVS',66.40,66.40,'B','2025-05-02 03:51:53','2021-2022'),(271,14,'4th','EVS',81.30,81.30,'A','2025-05-02 03:51:53','2021-2022'),(272,17,'4th','EVS',67.50,67.50,'B','2025-05-02 03:51:53','2021-2022'),(273,20,'4th','EVS',73.60,73.60,'B+','2025-05-02 03:51:53','2021-2022'),(274,24,'4th','EVS',65.60,65.60,'B','2025-05-02 03:51:53','2021-2022'),(280,1,'4th','Computer',87.20,87.20,'A','2025-05-02 03:51:53','2021-2022'),(281,2,'4th','Computer',99.10,99.10,'A+','2025-05-02 03:51:53','2021-2022'),(282,4,'4th','Computer',94.10,94.10,'A+','2025-05-02 03:51:53','2021-2022'),(283,6,'4th','Computer',73.10,73.10,'B+','2025-05-02 03:51:53','2021-2022'),(284,10,'4th','Computer',63.20,63.20,'B','2025-05-02 03:51:53','2021-2022'),(285,12,'4th','Computer',76.70,76.70,'B+','2025-05-02 03:51:53','2021-2022'),(286,15,'4th','Computer',93.90,93.90,'A+','2025-05-02 03:51:53','2021-2022'),(287,19,'4th','Computer',99.30,99.30,'A+','2025-05-02 03:51:53','2021-2022'),(288,22,'4th','Computer',74.80,74.80,'B+','2025-05-02 03:51:53','2021-2022'),(289,23,'4th','Computer',96.10,96.10,'A+','2025-05-02 03:51:53','2021-2022'),(290,26,'4th','Computer',76.00,76.00,'B+','2025-05-02 03:51:53','2021-2022'),(291,3,'4th','Computer',71.90,71.90,'B+','2025-05-02 03:51:53','2021-2022'),(292,7,'4th','Computer',71.30,71.30,'B+','2025-05-02 03:51:53','2021-2022'),(293,9,'4th','Computer',80.80,80.80,'A','2025-05-02 03:51:53','2021-2022'),(294,13,'4th','Computer',90.00,90.00,'A+','2025-05-02 03:51:53','2021-2022'),(295,16,'4th','Computer',67.60,67.60,'B','2025-05-02 03:51:53','2021-2022'),(296,18,'4th','Computer',88.00,88.00,'A','2025-05-02 03:51:53','2021-2022'),(297,21,'4th','Computer',97.50,97.50,'A+','2025-05-02 03:51:53','2021-2022'),(298,25,'4th','Computer',83.10,83.10,'A','2025-05-02 03:51:53','2021-2022'),(299,5,'4th','Computer',63.20,63.20,'B','2025-05-02 03:51:53','2021-2022'),(300,8,'4th','Computer',86.80,86.80,'A','2025-05-02 03:51:53','2021-2022'),(301,11,'4th','Computer',64.50,64.50,'B','2025-05-02 03:51:53','2021-2022'),(302,14,'4th','Computer',82.00,82.00,'A','2025-05-02 03:51:53','2021-2022'),(303,17,'4th','Computer',76.40,76.40,'B+','2025-05-02 03:51:53','2021-2022'),(304,20,'4th','Computer',76.00,76.00,'B+','2025-05-02 03:51:53','2021-2022'),(305,24,'4th','Computer',91.00,91.00,'A+','2025-05-02 03:51:53','2021-2022'),(311,1,'5th','English',87.10,87.10,'A','2025-05-02 03:51:53','2022-2023'),(312,2,'5th','English',62.20,62.20,'B','2025-05-02 03:51:53','2022-2023'),(313,4,'5th','English',69.90,69.90,'B','2025-05-02 03:51:53','2022-2023'),(314,6,'5th','English',62.90,62.90,'B','2025-05-02 03:51:53','2022-2023'),(315,10,'5th','English',84.80,84.80,'A','2025-05-02 03:51:53','2022-2023'),(316,12,'5th','English',95.40,95.40,'A+','2025-05-02 03:51:53','2022-2023'),(317,15,'5th','English',82.40,82.40,'A','2025-05-02 03:51:53','2022-2023'),(318,19,'5th','English',65.70,65.70,'B','2025-05-02 03:51:53','2022-2023'),(319,22,'5th','English',61.60,61.60,'B','2025-05-02 03:51:53','2022-2023'),(320,23,'5th','English',90.60,90.60,'A+','2025-05-02 03:51:53','2022-2023'),(321,26,'5th','English',88.40,88.40,'A','2025-05-02 03:51:53','2022-2023'),(322,3,'5th','English',70.00,70.00,'B+','2025-05-02 03:51:53','2022-2023'),(323,7,'5th','English',64.70,64.70,'B','2025-05-02 03:51:53','2022-2023'),(324,9,'5th','English',93.60,93.60,'A+','2025-05-02 03:51:53','2022-2023'),(325,13,'5th','English',94.10,94.10,'A+','2025-05-02 03:51:53','2022-2023'),(326,16,'5th','English',89.50,89.50,'A','2025-05-02 03:51:53','2022-2023'),(327,18,'5th','English',65.40,65.40,'B','2025-05-02 03:51:53','2022-2023'),(328,21,'5th','English',78.50,78.50,'B+','2025-05-02 03:51:53','2022-2023'),(329,25,'5th','English',96.10,96.10,'A+','2025-05-02 03:51:53','2022-2023'),(330,5,'5th','English',65.30,65.30,'B','2025-05-02 03:51:53','2022-2023'),(331,8,'5th','English',97.90,97.90,'A+','2025-05-02 03:51:53','2022-2023'),(332,11,'5th','English',73.90,73.90,'B+','2025-05-02 03:51:53','2022-2023'),(333,14,'5th','English',95.80,95.80,'A+','2025-05-02 03:51:53','2022-2023'),(334,17,'5th','English',77.00,77.00,'B+','2025-05-02 03:51:53','2022-2023'),(335,20,'5th','English',77.80,77.80,'B+','2025-05-02 03:51:53','2022-2023'),(336,24,'5th','English',97.80,97.80,'A+','2025-05-02 03:51:53','2022-2023'),(342,1,'5th','Hindi',75.70,75.70,'B+','2025-05-02 03:51:53','2022-2023'),(343,2,'5th','Hindi',65.00,65.00,'B','2025-05-02 03:51:53','2022-2023'),(344,4,'5th','Hindi',78.00,78.00,'B+','2025-05-02 03:51:53','2022-2023'),(345,6,'5th','Hindi',95.20,95.20,'A+','2025-05-02 03:51:53','2022-2023'),(346,10,'5th','Hindi',61.70,61.70,'B','2025-05-02 03:51:53','2022-2023'),(347,12,'5th','Hindi',82.80,82.80,'A','2025-05-02 03:51:53','2022-2023'),(348,15,'5th','Hindi',89.20,89.20,'A','2025-05-02 03:51:53','2022-2023'),(349,19,'5th','Hindi',97.60,97.60,'A+','2025-05-02 03:51:53','2022-2023'),(350,22,'5th','Hindi',80.30,80.30,'A','2025-05-02 03:51:53','2022-2023'),(351,23,'5th','Hindi',88.70,88.70,'A','2025-05-02 03:51:53','2022-2023'),(352,26,'5th','Hindi',62.70,62.70,'B','2025-05-02 03:51:53','2022-2023'),(353,3,'5th','Hindi',67.40,67.40,'B','2025-05-02 03:51:53','2022-2023'),(354,7,'5th','Hindi',88.70,88.70,'A','2025-05-02 03:51:53','2022-2023'),(355,9,'5th','Hindi',61.40,61.40,'B','2025-05-02 03:51:53','2022-2023'),(356,13,'5th','Hindi',61.10,61.10,'B','2025-05-02 03:51:53','2022-2023'),(357,16,'5th','Hindi',61.00,61.00,'B','2025-05-02 03:51:53','2022-2023'),(358,18,'5th','Hindi',62.00,62.00,'B','2025-05-02 03:51:53','2022-2023'),(359,21,'5th','Hindi',66.90,66.90,'B','2025-05-02 03:51:53','2022-2023'),(360,25,'5th','Hindi',88.50,88.50,'A','2025-05-02 03:51:53','2022-2023'),(361,5,'5th','Hindi',61.70,61.70,'B','2025-05-02 03:51:53','2022-2023'),(362,8,'5th','Hindi',62.90,62.90,'B','2025-05-02 03:51:53','2022-2023'),(363,11,'5th','Hindi',69.60,69.60,'B','2025-05-02 03:51:53','2022-2023'),(364,14,'5th','Hindi',99.40,99.40,'A+','2025-05-02 03:51:53','2022-2023'),(365,17,'5th','Hindi',68.10,68.10,'B','2025-05-02 03:51:53','2022-2023'),(366,20,'5th','Hindi',62.50,62.50,'B','2025-05-02 03:51:53','2022-2023'),(367,24,'5th','Hindi',87.90,87.90,'A','2025-05-02 03:51:53','2022-2023'),(373,1,'5th','Maths',72.10,72.10,'B+','2025-05-02 03:51:53','2022-2023'),(374,2,'5th','Maths',77.00,77.00,'B+','2025-05-02 03:51:53','2022-2023'),(375,4,'5th','Maths',68.40,68.40,'B','2025-05-02 03:51:53','2022-2023'),(376,6,'5th','Maths',91.10,91.10,'A+','2025-05-02 03:51:53','2022-2023'),(377,10,'5th','Maths',70.30,70.30,'B+','2025-05-02 03:51:53','2022-2023'),(378,12,'5th','Maths',98.10,98.10,'A+','2025-05-02 03:51:53','2022-2023'),(379,15,'5th','Maths',99.80,99.80,'A+','2025-05-02 03:51:53','2022-2023'),(380,19,'5th','Maths',64.80,64.80,'B','2025-05-02 03:51:53','2022-2023'),(381,22,'5th','Maths',84.40,84.40,'A','2025-05-02 03:51:53','2022-2023'),(382,23,'5th','Maths',87.80,87.80,'A','2025-05-02 03:51:53','2022-2023'),(383,26,'5th','Maths',85.70,85.70,'A','2025-05-02 03:51:53','2022-2023'),(384,3,'5th','Maths',65.00,65.00,'B','2025-05-02 03:51:53','2022-2023'),(385,7,'5th','Maths',87.90,87.90,'A','2025-05-02 03:51:53','2022-2023'),(386,9,'5th','Maths',64.50,64.50,'B','2025-05-02 03:51:53','2022-2023'),(387,13,'5th','Maths',79.00,79.00,'B+','2025-05-02 03:51:53','2022-2023'),(388,16,'5th','Maths',61.20,61.20,'B','2025-05-02 03:51:53','2022-2023'),(389,18,'5th','Maths',89.10,89.10,'A','2025-05-02 03:51:53','2022-2023'),(390,21,'5th','Maths',81.70,81.70,'A','2025-05-02 03:51:53','2022-2023'),(391,25,'5th','Maths',81.50,81.50,'A','2025-05-02 03:51:53','2022-2023'),(392,5,'5th','Maths',62.10,62.10,'B','2025-05-02 03:51:53','2022-2023'),(393,8,'5th','Maths',86.20,86.20,'A','2025-05-02 03:51:53','2022-2023'),(394,11,'5th','Maths',64.70,64.70,'B','2025-05-02 03:51:53','2022-2023'),(395,14,'5th','Maths',84.90,84.90,'A','2025-05-02 03:51:53','2022-2023'),(396,17,'5th','Maths',90.50,90.50,'A+','2025-05-02 03:51:53','2022-2023'),(397,20,'5th','Maths',97.60,97.60,'A+','2025-05-02 03:51:53','2022-2023'),(398,24,'5th','Maths',76.70,76.70,'B+','2025-05-02 03:51:53','2022-2023'),(404,1,'5th','EVS',70.70,70.70,'B+','2025-05-02 03:51:53','2022-2023'),(405,2,'5th','EVS',63.20,63.20,'B','2025-05-02 03:51:53','2022-2023'),(406,4,'5th','EVS',83.80,83.80,'A','2025-05-02 03:51:53','2022-2023'),(407,6,'5th','EVS',89.70,89.70,'A','2025-05-02 03:51:53','2022-2023'),(408,10,'5th','EVS',97.20,97.20,'A+','2025-05-02 03:51:53','2022-2023'),(409,12,'5th','EVS',76.70,76.70,'B+','2025-05-02 03:51:53','2022-2023'),(410,15,'5th','EVS',72.10,72.10,'B+','2025-05-02 03:51:53','2022-2023'),(411,19,'5th','EVS',70.20,70.20,'B+','2025-05-02 03:51:53','2022-2023'),(412,22,'5th','EVS',74.80,74.80,'B+','2025-05-02 03:51:53','2022-2023'),(413,23,'5th','EVS',63.20,63.20,'B','2025-05-02 03:51:53','2022-2023'),(414,26,'5th','EVS',71.50,71.50,'B+','2025-05-02 03:51:53','2022-2023'),(415,3,'5th','EVS',68.20,68.20,'B','2025-05-02 03:51:53','2022-2023'),(416,7,'5th','EVS',66.50,66.50,'B','2025-05-02 03:51:53','2022-2023'),(417,9,'5th','EVS',67.90,67.90,'B','2025-05-02 03:51:53','2022-2023'),(418,13,'5th','EVS',80.00,80.00,'A','2025-05-02 03:51:53','2022-2023'),(419,16,'5th','EVS',96.10,96.10,'A+','2025-05-02 03:51:53','2022-2023'),(420,18,'5th','EVS',60.70,60.70,'B','2025-05-02 03:51:53','2022-2023'),(421,21,'5th','EVS',75.10,75.10,'B+','2025-05-02 03:51:53','2022-2023'),(422,25,'5th','EVS',93.50,93.50,'A+','2025-05-02 03:51:53','2022-2023'),(423,5,'5th','EVS',62.00,62.00,'B','2025-05-02 03:51:53','2022-2023'),(424,8,'5th','EVS',89.60,89.60,'A','2025-05-02 03:51:53','2022-2023'),(425,11,'5th','EVS',81.90,81.90,'A','2025-05-02 03:51:53','2022-2023'),(426,14,'5th','EVS',80.90,80.90,'A','2025-05-02 03:51:53','2022-2023'),(427,17,'5th','EVS',98.70,98.70,'A+','2025-05-02 03:51:53','2022-2023'),(428,20,'5th','EVS',70.70,70.70,'B+','2025-05-02 03:51:53','2022-2023'),(429,24,'5th','EVS',77.40,77.40,'B+','2025-05-02 03:51:53','2022-2023'),(435,1,'5th','Computer',75.10,75.10,'B+','2025-05-02 03:51:53','2022-2023'),(436,2,'5th','Computer',83.30,83.30,'A','2025-05-02 03:51:53','2022-2023'),(437,4,'5th','Computer',91.00,91.00,'A+','2025-05-02 03:51:53','2022-2023'),(438,6,'5th','Computer',65.30,65.30,'B','2025-05-02 03:51:53','2022-2023'),(439,10,'5th','Computer',73.40,73.40,'B+','2025-05-02 03:51:53','2022-2023'),(440,12,'5th','Computer',71.30,71.30,'B+','2025-05-02 03:51:53','2022-2023'),(441,15,'5th','Computer',76.20,76.20,'B+','2025-05-02 03:51:53','2022-2023'),(442,19,'5th','Computer',67.20,67.20,'B','2025-05-02 03:51:53','2022-2023'),(443,22,'5th','Computer',87.10,87.10,'A','2025-05-02 03:51:53','2022-2023'),(444,23,'5th','Computer',94.20,94.20,'A+','2025-05-02 03:51:53','2022-2023'),(445,26,'5th','Computer',69.60,69.60,'B','2025-05-02 03:51:53','2022-2023'),(446,3,'5th','Computer',85.40,85.40,'A','2025-05-02 03:51:53','2022-2023'),(447,7,'5th','Computer',78.10,78.10,'B+','2025-05-02 03:51:53','2022-2023'),(448,9,'5th','Computer',74.60,74.60,'B+','2025-05-02 03:51:53','2022-2023'),(449,13,'5th','Computer',78.30,78.30,'B+','2025-05-02 03:51:53','2022-2023'),(450,16,'5th','Computer',68.10,68.10,'B','2025-05-02 03:51:53','2022-2023'),(451,18,'5th','Computer',85.20,85.20,'A','2025-05-02 03:51:53','2022-2023'),(452,21,'5th','Computer',82.00,82.00,'A','2025-05-02 03:51:53','2022-2023'),(453,25,'5th','Computer',94.40,94.40,'A+','2025-05-02 03:51:53','2022-2023'),(454,5,'5th','Computer',86.00,86.00,'A','2025-05-02 03:51:53','2022-2023'),(455,8,'5th','Computer',86.80,86.80,'A','2025-05-02 03:51:53','2022-2023'),(456,11,'5th','Computer',75.80,75.80,'B+','2025-05-02 03:51:53','2022-2023'),(457,14,'5th','Computer',98.90,98.90,'A+','2025-05-02 03:51:53','2022-2023'),(458,17,'5th','Computer',87.10,87.10,'A','2025-05-02 03:51:53','2022-2023'),(459,20,'5th','Computer',78.70,78.70,'B+','2025-05-02 03:51:53','2022-2023'),(460,24,'5th','Computer',72.10,72.10,'B+','2025-05-02 03:51:53','2022-2023');
/*!40000 ALTER TABLE `academic_records` ENABLE KEYS */;
UNLOCK TABLES;

--
-- Table structure for table `admin`
--

DROP TABLE IF EXISTS `admin`;
/*!40101 SET @saved_cs_client     = @@character_set_client */;
/*!50503 SET character_set_client = utf8mb4 */;
CREATE TABLE `admin` (
  `admin_id` varchar(10) NOT NULL,
  `school_id` varchar(10) DEFAULT NULL,
  `name` varchar(50) DEFAULT NULL,
  `role` varchar(20) DEFAULT NULL,
  `email` varchar(50) DEFAULT NULL,
  `password` varchar(50) DEFAULT NULL,
  PRIMARY KEY (`admin_id`),
  KEY `school_id` (`school_id`),
  CONSTRAINT `admin_ibfk_1` FOREIGN KEY (`school_id`) REFERENCES `school` (`school_id`)
) ENGINE=InnoDB DEFAULT CHARSET=utf8mb4 COLLATE=utf8mb4_0900_ai_ci;
/*!40101 SET character_set_client = @saved_cs_client */;

--
-- Dumping data for table `admin`
--

LOCK TABLES `admin` WRITE;
/*!40000 ALTER TABLE `admin` DISABLE KEYS */;
INSERT INTO `admin` VALUES ('ADM101','GA1274','Rajesh Kumar','Principal','rajesh.kumar@school.edu','hashedpassword1'),('ADM102','GA1274','Anita Sharma','Admin','anita.sharma@school.edu','hashedpassword2'),('ADM103','GA1274','Vikram Singh','Principal','vikram.singh@school.edu','hashedpassword3'),('ADM104','GA1274','Pooja Mehta','Admin','pooja.mehta@school.edu','hashedpassword4'),('ADM105','GA1274','Suresh Raina','Principal','suresh.raina@school.edu','hashedpassword5'),('ADM106','GA1274','Priya Agarwal','Admin','priya.agarwal@school.edu','hashedpassword6'),('ADM107','GA1274','Amit Kapoor','Principal','amit.kapoor@school.edu','hashedpassword7'),('ADM108','GA1274','Neha Verma','Admin','neha.verma@school.edu','hashedpassword8'),('ADM109','GA1274','Sunil Chawla','Principal','sunil.chawla@school.edu','hashedpassword9'),('ADM110','GA1274','Kavita Iyer','Admin','kavita.iyer@school.edu','hashedpassword10');
/*!40000 ALTER TABLE `admin` ENABLE KEYS */;
UNLOCK TABLES;

--
-- Table structure for table `admins`
--

DROP TABLE IF EXISTS `admins`;
/*!40101 SET @saved_cs_client     = @@character_set_client */;
/*!50503 SET character_set_client = utf8mb4 */;
CREATE TABLE `admins` (
  `admin_id` int NOT NULL AUTO_INCREMENT,
  `name` varchar(255) NOT NULL,
  `role` varchar(100) DEFAULT NULL,
  `username` varchar(50) NOT NULL,
  `password` varchar(100) NOT NULL,
  PRIMARY KEY (`admin_id`),
  UNIQUE KEY `username` (`username`)
) ENGINE=InnoDB AUTO_INCREMENT=3 DEFAULT CHARSET=utf8mb4 COLLATE=utf8mb4_0900_ai_ci;
/*!40101 SET character_set_client = @saved_cs_client */;

--
-- Dumping data for table `admins`
--

LOCK TABLES `admins` WRITE;
/*!40000 ALTER TABLE `admins` DISABLE KEYS */;
INSERT INTO `admins` VALUES (1,'Administrator','Super Admin','admin1','admin123'),(2,'Rohit Gupta','TC Manager','admin2','admin456');
/*!40000 ALTER TABLE `admins` ENABLE KEYS */;
UNLOCK TABLES;

--
-- Table structure for table `documents`
--

DROP TABLE IF EXISTS `documents`;
/*!40101 SET @saved_cs_client     = @@character_set_client */;
/*!50503 SET character_set_client = utf8mb4 */;
CREATE TABLE `documents` (
  `document_id` int NOT NULL AUTO_INCREMENT,
  `student_id` int DEFAULT NULL,
  `document_type` varchar(100) DEFAULT NULL,
  `file_name` varchar(255) DEFAULT NULL,
  `upload_date` date DEFAULT NULL,
  PRIMARY KEY (`document_id`),
  KEY `student_id` (`student_id`),
  CONSTRAINT `documents_ibfk_1` FOREIGN KEY (`student_id`) REFERENCES `students` (`student_id`)
) ENGINE=InnoDB AUTO_INCREMENT=15 DEFAULT CHARSET=utf8mb4 COLLATE=utf8mb4_0900_ai_ci;
/*!40101 SET character_set_client = @saved_cs_client */;

--
-- Dumping data for table `documents`
--

LOCK TABLES `documents` WRITE;
/*!40000 ALTER TABLE `documents` DISABLE KEYS */;
INSERT INTO `documents` VALUES (1,1,'Aadhar Card','rahul_aadhar.pdf','2022-05-10'),(2,1,'Birth Certificate','rahul_birth.pdf','2022-05-10'),(3,2,'Aadhar Card','priya_aadhar.pdf','2022-05-15'),(4,2,'Medical Certificate','priya_medical.pdf','2022-06-20'),(5,5,'Aadhar Card','Untitled - Frame 1.jpg','2025-03-06'),(6,5,'Caste Certificate','Ossome Hacks 2.0 PPT[1].pdf','2025-03-06'),(7,5,'Previous School Records','SRM Student Portal.pdf','2025-03-06'),(9,5,'Birth Certificate','IITHyd.pdf','2025-03-07'),(10,1,'Report Card','20250502001449_Aayush_iOSCourse_merged_iOS.pdf','2025-05-02'),(13,1,'Report Card','20250502083457_social_engineering.pdf','2025-05-02');
/*!40000 ALTER TABLE `documents` ENABLE KEYS */;
UNLOCK TABLES;

--
-- Table structure for table `scheme_history`
--

DROP TABLE IF EXISTS `scheme_history`;
/*!40101 SET @saved_cs_client     = @@character_set_client */;
/*!50503 SET character_set_client = utf8mb4 */;
CREATE TABLE `scheme_history` (
  `history_id` int NOT NULL AUTO_INCREMENT,
  `student_id` int DEFAULT NULL,
  `scheme_id` int DEFAULT NULL,
  `start_date` date NOT NULL,
  `end_date` date DEFAULT NULL,
  `benefits` text,
  `details` text,
  PRIMARY KEY (`history_id`),
  KEY `student_id` (`student_id`),
  KEY `scheme_id` (`scheme_id`),
  CONSTRAINT `scheme_history_ibfk_1` FOREIGN KEY (`student_id`) REFERENCES `students` (`student_id`),
  CONSTRAINT `scheme_history_ibfk_2` FOREIGN KEY (`scheme_id`) REFERENCES `schemes` (`scheme_id`)
) ENGINE=InnoDB AUTO_INCREMENT=139 DEFAULT CHARSET=utf8mb4 COLLATE=utf8mb4_0900_ai_ci;
/*!40101 SET character_set_client = @saved_cs_client */;

--
-- Dumping data for table `scheme_history`
--

LOCK TABLES `scheme_history` WRITE;
/*!40000 ALTER TABLE `scheme_history` DISABLE KEYS */;
INSERT INTO `scheme_history` VALUES (2,1,1,'2024-03-16',NULL,'Free nutritious lunch on all school days','Student receives a balanced meal with proper nutrition as part of the national program to combat hunger and promote education'),(3,2,1,'2023-07-19',NULL,'Free nutritious lunch on all school days','Student receives a balanced meal with proper nutrition as part of the national program to combat hunger and promote education'),(4,4,1,'2022-10-11',NULL,'Free nutritious lunch on all school days','Student receives a balanced meal with proper nutrition as part of the national program to combat hunger and promote education'),(5,6,1,'2022-11-29',NULL,'Free nutritious lunch on all school days','Student receives a balanced meal with proper nutrition as part of the national program to combat hunger and promote education'),(6,10,1,'2023-11-17',NULL,'Free nutritious lunch on all school days','Student receives a balanced meal with proper nutrition as part of the national program to combat hunger and promote education'),(7,12,1,'2024-04-27',NULL,'Free nutritious lunch on all school days','Student receives a balanced meal with proper nutrition as part of the national program to combat hunger and promote education'),(8,15,1,'2023-08-22',NULL,'Free nutritious lunch on all school days','Student receives a balanced meal with proper nutrition as part of the national program to combat hunger and promote education'),(9,19,1,'2022-11-23',NULL,'Free nutritious lunch on all school days','Student receives a balanced meal with proper nutrition as part of the national program to combat hunger and promote education'),(10,22,1,'2023-03-22',NULL,'Free nutritious lunch on all school days','Student receives a balanced meal with proper nutrition as part of the national program to combat hunger and promote education'),(11,23,1,'2023-02-01',NULL,'Free nutritious lunch on all school days','Student receives a balanced meal with proper nutrition as part of the national program to combat hunger and promote education'),(12,26,1,'2023-06-04',NULL,'Free nutritious lunch on all school days','Student receives a balanced meal with proper nutrition as part of the national program to combat hunger and promote education'),(13,3,1,'2023-07-13',NULL,'Free nutritious lunch on all school days','Student receives a balanced meal with proper nutrition as part of the national program to combat hunger and promote education'),(14,7,1,'2023-01-15',NULL,'Free nutritious lunch on all school days','Student receives a balanced meal with proper nutrition as part of the national program to combat hunger and promote education'),(15,9,1,'2024-04-07',NULL,'Free nutritious lunch on all school days','Student receives a balanced meal with proper nutrition as part of the national program to combat hunger and promote education'),(16,13,1,'2023-11-20',NULL,'Free nutritious lunch on all school days','Student receives a balanced meal with proper nutrition as part of the national program to combat hunger and promote education'),(17,16,1,'2024-04-17',NULL,'Free nutritious lunch on all school days','Student receives a balanced meal with proper nutrition as part of the national program to combat hunger and promote education'),(18,18,1,'2023-06-22',NULL,'Free nutritious lunch on all school days','Student receives a balanced meal with proper nutrition as part of the national program to combat hunger and promote education'),(19,21,1,'2024-02-23',NULL,'Free nutritious lunch on all school days','Student receives a balanced meal with proper nutrition as part of the national program to combat hunger and promote education'),(20,25,1,'2023-12-25',NULL,'Free nutritious lunch on all school days','Student receives a balanced meal with proper nutrition as part of the national program to combat hunger and promote education'),(21,5,1,'2023-02-16',NULL,'Free nutritious lunch on all school days','Student receives a balanced meal with proper nutrition as part of the national program to combat hunger and promote education'),(22,8,1,'2023-05-10',NULL,'Free nutritious lunch on all school days','Student receives a balanced meal with proper nutrition as part of the national program to combat hunger and promote education'),(23,11,1,'2023-01-22',NULL,'Free nutritious lunch on all school days','Student receives a balanced meal with proper nutrition as part of the national program to combat hunger and promote education'),(24,14,1,'2022-11-20',NULL,'Free nutritious lunch on all school days','Student receives a balanced meal with proper nutrition as part of the national program to combat hunger and promote education'),(25,17,1,'2022-12-01',NULL,'Free nutritious lunch on all school days','Student receives a balanced meal with proper nutrition as part of the national program to combat hunger and promote education'),(26,20,1,'2023-08-05',NULL,'Free nutritious lunch on all school days','Student receives a balanced meal with proper nutrition as part of the national program to combat hunger and promote education'),(27,24,1,'2022-11-17',NULL,'Free nutritious lunch on all school days','Student receives a balanced meal with proper nutrition as part of the national program to combat hunger and promote education'),(33,1,3,'2023-04-12',NULL,'Quality education in modern infrastructure','Student is enrolled in the PM SHRI Schools program which focuses on modern teaching methodologies and improved school environment'),(34,2,3,'2023-06-01',NULL,'Quality education in modern infrastructure','Student is enrolled in the PM SHRI Schools program which focuses on modern teaching methodologies and improved school environment'),(35,4,3,'2022-11-25',NULL,'Quality education in modern infrastructure','Student is enrolled in the PM SHRI Schools program which focuses on modern teaching methodologies and improved school environment'),(36,6,3,'2023-12-04',NULL,'Quality education in modern infrastructure','Student is enrolled in the PM SHRI Schools program which focuses on modern teaching methodologies and improved school environment'),(37,10,3,'2022-08-03',NULL,'Quality education in modern infrastructure','Student is enrolled in the PM SHRI Schools program which focuses on modern teaching methodologies and improved school environment'),(38,12,3,'2022-10-30',NULL,'Quality education in modern infrastructure','Student is enrolled in the PM SHRI Schools program which focuses on modern teaching methodologies and improved school environment'),(39,15,3,'2024-01-16',NULL,'Quality education in modern infrastructure','Student is enrolled in the PM SHRI Schools program which focuses on modern teaching methodologies and improved school environment'),(40,19,3,'2023-05-20',NULL,'Quality education in modern infrastructure','Student is enrolled in the PM SHRI Schools program which focuses on modern teaching methodologies and improved school environment'),(41,22,3,'2022-06-15',NULL,'Quality education in modern infrastructure','Student is enrolled in the PM SHRI Schools program which focuses on modern teaching methodologies and improved school environment'),(42,23,3,'2023-10-11',NULL,'Quality education in modern infrastructure','Student is enrolled in the PM SHRI Schools program which focuses on modern teaching methodologies and improved school environment'),(43,26,3,'2023-03-12',NULL,'Quality education in modern infrastructure','Student is enrolled in the PM SHRI Schools program which focuses on modern teaching methodologies and improved school environment'),(44,3,3,'2024-04-17',NULL,'Quality education in modern infrastructure','Student is enrolled in the PM SHRI Schools program which focuses on modern teaching methodologies and improved school environment'),(45,7,3,'2023-07-25',NULL,'Quality education in modern infrastructure','Student is enrolled in the PM SHRI Schools program which focuses on modern teaching methodologies and improved school environment'),(46,9,3,'2022-08-02',NULL,'Quality education in modern infrastructure','Student is enrolled in the PM SHRI Schools program which focuses on modern teaching methodologies and improved school environment'),(47,13,3,'2023-11-28',NULL,'Quality education in modern infrastructure','Student is enrolled in the PM SHRI Schools program which focuses on modern teaching methodologies and improved school environment'),(48,16,3,'2023-06-11',NULL,'Quality education in modern infrastructure','Student is enrolled in the PM SHRI Schools program which focuses on modern teaching methodologies and improved school environment'),(49,18,3,'2023-02-27',NULL,'Quality education in modern infrastructure','Student is enrolled in the PM SHRI Schools program which focuses on modern teaching methodologies and improved school environment'),(50,21,3,'2023-02-14',NULL,'Quality education in modern infrastructure','Student is enrolled in the PM SHRI Schools program which focuses on modern teaching methodologies and improved school environment'),(51,25,3,'2023-10-20',NULL,'Quality education in modern infrastructure','Student is enrolled in the PM SHRI Schools program which focuses on modern teaching methodologies and improved school environment'),(52,5,3,'2023-04-20',NULL,'Quality education in modern infrastructure','Student is enrolled in the PM SHRI Schools program which focuses on modern teaching methodologies and improved school environment'),(53,8,3,'2022-10-04',NULL,'Quality education in modern infrastructure','Student is enrolled in the PM SHRI Schools program which focuses on modern teaching methodologies and improved school environment'),(54,11,3,'2023-07-21',NULL,'Quality education in modern infrastructure','Student is enrolled in the PM SHRI Schools program which focuses on modern teaching methodologies and improved school environment'),(55,14,3,'2023-02-24',NULL,'Quality education in modern infrastructure','Student is enrolled in the PM SHRI Schools program which focuses on modern teaching methodologies and improved school environment'),(56,17,3,'2022-10-01',NULL,'Quality education in modern infrastructure','Student is enrolled in the PM SHRI Schools program which focuses on modern teaching methodologies and improved school environment'),(57,20,3,'2023-12-18',NULL,'Quality education in modern infrastructure','Student is enrolled in the PM SHRI Schools program which focuses on modern teaching methodologies and improved school environment'),(58,24,3,'2023-03-27',NULL,'Quality education in modern infrastructure','Student is enrolled in the PM SHRI Schools program which focuses on modern teaching methodologies and improved school environment'),(64,1,5,'2023-02-21','2025-01-06','Rs. 12,000 per annum scholarship','Student received financial assistance based on both merit and economic need over the specified period'),(65,2,5,'2023-04-27','2025-03-16','Rs. 12,000 per annum scholarship','Student received financial assistance based on both merit and economic need over the specified period'),(66,4,5,'2022-09-27','2024-09-27','Rs. 12,000 per annum scholarship','Student received financial assistance based on both merit and economic need over the specified period'),(67,6,5,'2023-02-23','2025-03-03','Rs. 12,000 per annum scholarship','Student received financial assistance based on both merit and economic need over the specified period'),(68,10,5,'2023-01-29','2024-07-17','Rs. 12,000 per annum scholarship','Student received financial assistance based on both merit and economic need over the specified period'),(69,12,5,'2023-02-23','2024-10-08','Rs. 12,000 per annum scholarship','Student received financial assistance based on both merit and economic need over the specified period'),(70,15,5,'2023-01-26','2024-09-15','Rs. 12,000 per annum scholarship','Student received financial assistance based on both merit and economic need over the specified period'),(71,19,5,'2022-12-27','2024-06-23','Rs. 12,000 per annum scholarship','Student received financial assistance based on both merit and economic need over the specified period'),(72,22,5,'2023-02-04','2024-09-11','Rs. 12,000 per annum scholarship','Student received financial assistance based on both merit and economic need over the specified period'),(73,23,5,'2022-11-12','2024-11-21','Rs. 12,000 per annum scholarship','Student received financial assistance based on both merit and economic need over the specified period'),(74,26,5,'2022-07-14','2024-08-25','Rs. 12,000 per annum scholarship','Student received financial assistance based on both merit and economic need over the specified period'),(75,3,5,'2023-04-25','2025-04-14','Rs. 12,000 per annum scholarship','Student received financial assistance based on both merit and economic need over the specified period'),(76,7,5,'2023-02-23','2024-07-18','Rs. 12,000 per annum scholarship','Student received financial assistance based on both merit and economic need over the specified period'),(77,9,5,'2022-12-12','2024-10-05','Rs. 12,000 per annum scholarship','Student received financial assistance based on both merit and economic need over the specified period'),(78,13,5,'2022-08-19','2024-07-15','Rs. 12,000 per annum scholarship','Student received financial assistance based on both merit and economic need over the specified period'),(79,16,5,'2022-06-18','2024-05-10','Rs. 12,000 per annum scholarship','Student received financial assistance based on both merit and economic need over the specified period'),(80,18,5,'2023-01-23','2024-11-23','Rs. 12,000 per annum scholarship','Student received financial assistance based on both merit and economic need over the specified period'),(81,21,5,'2022-12-21','2024-10-28','Rs. 12,000 per annum scholarship','Student received financial assistance based on both merit and economic need over the specified period'),(82,25,5,'2022-11-16','2024-07-26','Rs. 12,000 per annum scholarship','Student received financial assistance based on both merit and economic need over the specified period'),(83,5,5,'2022-11-15','2025-04-28','Rs. 12,000 per annum scholarship','Student received financial assistance based on both merit and economic need over the specified period'),(84,8,5,'2022-08-30','2025-01-02','Rs. 12,000 per annum scholarship','Student received financial assistance based on both merit and economic need over the specified period'),(85,11,5,'2022-09-15','2025-03-04','Rs. 12,000 per annum scholarship','Student received financial assistance based on both merit and economic need over the specified period'),(86,14,5,'2022-05-31','2025-03-14','Rs. 12,000 per annum scholarship','Student received financial assistance based on both merit and economic need over the specified period'),(87,17,5,'2022-06-09','2025-03-29','Rs. 12,000 per annum scholarship','Student received financial assistance based on both merit and economic need over the specified period'),(88,20,5,'2022-07-26','2024-10-05','Rs. 12,000 per annum scholarship','Student received financial assistance based on both merit and economic need over the specified period'),(89,24,5,'2022-10-11','2025-04-06','Rs. 12,000 per annum scholarship','Student received financial assistance based on both merit and economic need over the specified period'),(95,1,9,'2024-08-21',NULL,'Infrastructure improvement and educational resources','Student benefits from improved school facilities and quality educational materials through this government initiative'),(96,2,9,'2024-08-06',NULL,'Infrastructure improvement and educational resources','Student benefits from improved school facilities and quality educational materials through this government initiative'),(97,4,7,'2024-01-08',NULL,'Infrastructure improvement and educational resources','Student benefits from improved school facilities and quality educational materials through this government initiative'),(98,6,7,'2024-06-07',NULL,'Infrastructure improvement and educational resources','Student benefits from improved school facilities and quality educational materials through this government initiative'),(99,10,8,'2024-06-08',NULL,'Infrastructure improvement and educational resources','Student benefits from improved school facilities and quality educational materials through this government initiative'),(100,12,8,'2024-10-18',NULL,'Infrastructure improvement and educational resources','Student benefits from improved school facilities and quality educational materials through this government initiative'),(101,15,9,'2024-08-26',NULL,'Infrastructure improvement and educational resources','Student benefits from improved school facilities and quality educational materials through this government initiative'),(102,19,8,'2024-08-11',NULL,'Infrastructure improvement and educational resources','Student benefits from improved school facilities and quality educational materials through this government initiative'),(103,22,7,'2024-02-24',NULL,'Infrastructure improvement and educational resources','Student benefits from improved school facilities and quality educational materials through this government initiative'),(104,23,7,'2024-10-03',NULL,'Infrastructure improvement and educational resources','Student benefits from improved school facilities and quality educational materials through this government initiative'),(105,26,9,'2024-06-20',NULL,'Infrastructure improvement and educational resources','Student benefits from improved school facilities and quality educational materials through this government initiative'),(106,3,9,'2024-06-24',NULL,'Infrastructure improvement and educational resources','Student benefits from improved school facilities and quality educational materials through this government initiative'),(107,7,9,'2024-04-20',NULL,'Infrastructure improvement and educational resources','Student benefits from improved school facilities and quality educational materials through this government initiative'),(108,9,8,'2024-10-30',NULL,'Infrastructure improvement and educational resources','Student benefits from improved school facilities and quality educational materials through this government initiative'),(109,13,8,'2024-06-30',NULL,'Infrastructure improvement and educational resources','Student benefits from improved school facilities and quality educational materials through this government initiative'),(110,16,7,'2024-05-09',NULL,'Infrastructure improvement and educational resources','Student benefits from improved school facilities and quality educational materials through this government initiative'),(111,18,8,'2024-08-26',NULL,'Infrastructure improvement and educational resources','Student benefits from improved school facilities and quality educational materials through this government initiative'),(112,21,8,'2024-08-19',NULL,'Infrastructure improvement and educational resources','Student benefits from improved school facilities and quality educational materials through this government initiative'),(113,25,9,'2024-08-06',NULL,'Infrastructure improvement and educational resources','Student benefits from improved school facilities and quality educational materials through this government initiative'),(114,5,7,'2024-01-31',NULL,'Infrastructure improvement and educational resources','Student benefits from improved school facilities and quality educational materials through this government initiative'),(115,8,9,'2024-07-28',NULL,'Infrastructure improvement and educational resources','Student benefits from improved school facilities and quality educational materials through this government initiative'),(116,11,8,'2024-07-30',NULL,'Infrastructure improvement and educational resources','Student benefits from improved school facilities and quality educational materials through this government initiative'),(117,14,8,'2024-03-27',NULL,'Infrastructure improvement and educational resources','Student benefits from improved school facilities and quality educational materials through this government initiative'),(118,17,8,'2024-09-05',NULL,'Infrastructure improvement and educational resources','Student benefits from improved school facilities and quality educational materials through this government initiative'),(119,20,7,'2024-03-21',NULL,'Infrastructure improvement and educational resources','Student benefits from improved school facilities and quality educational materials through this government initiative'),(120,24,7,'2024-06-11',NULL,'Infrastructure improvement and educational resources','Student benefits from improved school facilities and quality educational materials through this government initiative'),(126,2,13,'2024-08-10','2025-04-11','Additional educational support and awareness','Student participated in a special government initiative providing additional educational opportunities and community integration'),(127,4,13,'2024-12-02','2025-04-30','Additional educational support and awareness','Student participated in a special government initiative providing additional educational opportunities and community integration'),(128,6,10,'2024-08-15','2025-04-28','Additional educational support and awareness','Student participated in a special government initiative providing additional educational opportunities and community integration'),(129,10,12,'2024-11-15','2025-03-28','Additional educational support and awareness','Student participated in a special government initiative providing additional educational opportunities and community integration'),(130,12,12,'2024-10-26','2025-03-20','Additional educational support and awareness','Student participated in a special government initiative providing additional educational opportunities and community integration'),(131,22,10,'2024-08-25','2025-04-07','Additional educational support and awareness','Student participated in a special government initiative providing additional educational opportunities and community integration'),(132,26,11,'2024-09-13','2025-03-21','Additional educational support and awareness','Student participated in a special government initiative providing additional educational opportunities and community integration'),(133,16,10,'2024-09-08','2025-04-03','Additional educational support and awareness','Student participated in a special government initiative providing additional educational opportunities and community integration'),(134,18,10,'2024-10-01','2025-04-13','Additional educational support and awareness','Student participated in a special government initiative providing additional educational opportunities and community integration'),(135,8,12,'2024-08-11','2025-04-28','Additional educational support and awareness','Student participated in a special government initiative providing additional educational opportunities and community integration'),(136,14,11,'2025-01-22','2025-03-07','Additional educational support and awareness','Student participated in a special government initiative providing additional educational opportunities and community integration'),(137,20,11,'2024-10-01','2025-03-08','Additional educational support and awareness','Student participated in a special government initiative providing additional educational opportunities and community integration'),(138,24,12,'2025-01-12','2025-03-13','Additional educational support and awareness','Student participated in a special government initiative providing additional educational opportunities and community integration');
/*!40000 ALTER TABLE `scheme_history` ENABLE KEYS */;
UNLOCK TABLES;

--
-- Table structure for table `schemes`
--

DROP TABLE IF EXISTS `schemes`;
/*!40101 SET @saved_cs_client     = @@character_set_client */;
/*!50503 SET character_set_client = utf8mb4 */;
CREATE TABLE `schemes` (
  `scheme_id` int NOT NULL AUTO_INCREMENT,
  `name` varchar(255) NOT NULL,
  `description` text,
  `eligibility_criteria` text,
  PRIMARY KEY (`scheme_id`)
) ENGINE=InnoDB AUTO_INCREMENT=43 DEFAULT CHARSET=utf8mb4 COLLATE=utf8mb4_0900_ai_ci;
/*!40101 SET character_set_client = @saved_cs_client */;

--
-- Dumping data for table `schemes`
--

LOCK TABLES `schemes` WRITE;
/*!40000 ALTER TABLE `schemes` DISABLE KEYS */;
INSERT INTO `schemes` VALUES (1,'PM Poshan (Mid-Day Meal)','Provides free lunch on working days to children in primary and upper primary classes',NULL),(2,'Samagra Shiksha Abhiyan','Comprehensive program aimed at improving school effectiveness and learning outcomes',NULL),(3,'PM SHRI Schools','Providing quality education in an equitable, inclusive and joyful school environment',NULL),(4,'Digital Infrastructure for Knowledge Sharing (DIKSHA)','Digital platform for teachers to access resources and training',NULL),(5,'National Means-cum-Merit Scholarship (NMMS)','Financial assistance to meritorious students from economically weaker sections',NULL),(6,'National Talent Search Scheme (NTSS)','Identifies talented students and provides scholarships for entire academic career',NULL),(7,'Sarva Shiksha Abhiyan (SSA)','Program aimed at universalization of elementary education',NULL),(8,'Rashtriya Madhyamik Shiksha Abhiyan (RMSA)','Program to enhance access to secondary education',NULL),(9,'Operation Digital Board','Initiative to provide digital smart boards in all classrooms',NULL),(10,'School Health Program','Regular health check-ups and health education for children',NULL),(11,'Vidyanjali','School volunteer program connecting schools with contributors from the community',NULL),(12,'Padhna Likhna Abhiyan','Adult education program focusing on basic literacy and numeracy',NULL),(13,'Beti Bachao Beti Padhao (BBBP)','Campaign to save and educate girl children',NULL);
/*!40000 ALTER TABLE `schemes` ENABLE KEYS */;
UNLOCK TABLES;

--
-- Table structure for table `school`
--

DROP TABLE IF EXISTS `school`;
/*!40101 SET @saved_cs_client     = @@character_set_client */;
/*!50503 SET character_set_client = utf8mb4 */;
CREATE TABLE `school` (
  `school_id` varchar(10) NOT NULL,
  `name` varchar(50) DEFAULT NULL,
  PRIMARY KEY (`school_id`)
) ENGINE=InnoDB DEFAULT CHARSET=utf8mb4 COLLATE=utf8mb4_0900_ai_ci;
/*!40101 SET character_set_client = @saved_cs_client */;

--
-- Dumping data for table `school`
--

LOCK TABLES `school` WRITE;
/*!40000 ALTER TABLE `school` DISABLE KEYS */;
INSERT INTO `school` VALUES ('GA1274','PM Shri Mahatma Gandhi Govt School');
/*!40000 ALTER TABLE `school` ENABLE KEYS */;
UNLOCK TABLES;

--
-- Table structure for table `schools`
--

DROP TABLE IF EXISTS `schools`;
/*!40101 SET @saved_cs_client     = @@character_set_client */;
/*!50503 SET character_set_client = utf8mb4 */;
CREATE TABLE `schools` (
  `school_id` int NOT NULL AUTO_INCREMENT,
  `name` varchar(255) NOT NULL,
  `address` varchar(255) DEFAULT NULL,
  `contact_info` varchar(100) DEFAULT NULL,
  `principal_name` varchar(100) DEFAULT NULL,
  `establishment_date` date DEFAULT NULL,
  PRIMARY KEY (`school_id`)
) ENGINE=InnoDB AUTO_INCREMENT=4 DEFAULT CHARSET=utf8mb4 COLLATE=utf8mb4_0900_ai_ci;
/*!40101 SET character_set_client = @saved_cs_client */;

--
-- Dumping data for table `schools`
--

LOCK TABLES `schools` WRITE;
/*!40000 ALTER TABLE `schools` DISABLE KEYS */;
INSERT INTO `schools` VALUES (1,'Government Model Senior Secondary School','123 Main St, City','+91 9876543200','Dr. Rajesh Kumar','1990-05-15'),(2,'Delhi Public School','456 Park Ave, Delhi','+91 9876543201','Mrs. Priya Sharma','1985-07-20'),(3,'Green Valley School','101 Hill Road, Pune','+91 9876543203','Mr. Suresh Patel','2005-01-25');
/*!40000 ALTER TABLE `schools` ENABLE KEYS */;
UNLOCK TABLES;

--
-- Table structure for table `student`
--

DROP TABLE IF EXISTS `student`;
/*!40101 SET @saved_cs_client     = @@character_set_client */;
/*!50503 SET character_set_client = utf8mb4 */;
CREATE TABLE `student` (
  `student_id` varchar(10) NOT NULL,
  `aadhar_id` varchar(12) DEFAULT NULL,
  `name` varchar(50) DEFAULT NULL,
  `dob` date DEFAULT NULL,
  `contact_info` varchar(15) DEFAULT NULL,
  `current_school_id` varchar(10) DEFAULT NULL,
  `username` varchar(50) NOT NULL,
  `password` varchar(255) NOT NULL,
  PRIMARY KEY (`student_id`),
  UNIQUE KEY `aadhar_id` (`aadhar_id`),
  KEY `current_school_id` (`current_school_id`),
  CONSTRAINT `student_ibfk_1` FOREIGN KEY (`current_school_id`) REFERENCES `school` (`school_id`)
) ENGINE=InnoDB DEFAULT CHARSET=utf8mb4 COLLATE=utf8mb4_0900_ai_ci;
/*!40101 SET character_set_client = @saved_cs_client */;

--
-- Dumping data for table `student`
--

LOCK TABLES `student` WRITE;
/*!40000 ALTER TABLE `student` DISABLE KEYS */;
INSERT INTO `student` VALUES ('STU101','123456789012','Rohan Sharma','2006-05-14','9876543210','GA1274','rohanSTU101','Pass@STU101'),('STU102','223456789012','Neha Verma','2007-09-22','9876543211','GA1274','nehaSTU102','Pass@STU102'),('STU103','323456789012','Amit Patel','2005-02-10','9876543212','GA1274','amitSTU103','Pass@STU103'),('STU104','423456789012','Priya Singh','2006-07-18','9876543213','GA1274','priyaSTU104','Pass@STU104'),('STU105','523456789012','Sahil Mehta','2008-01-05','9876543214','GA1274','sahilSTU105','Pass@STU105'),('STU106','623456789012','Kavita Iyer','2007-03-30','9876543215','GA1274','kavitaSTU106','Pass@STU106'),('STU107','723456789012','Arjun Rao','2006-08-25','9876543216','GA1274','arjunSTU107','Pass@STU107'),('STU108','823456789012','Sneha Choudhury','2005-12-12','9876543217','GA1274','snehaSTU108','Pass@STU108'),('STU109','923456789012','Ritik Bansal','2008-06-28','9876543218','GA1274','ritikSTU109','Pass@STU109'),('STU110','102345678901','Meera Kapoor','2007-04-20','9876543219','GA1274','meeraSTU110','Pass@STU110');
/*!40000 ALTER TABLE `student` ENABLE KEYS */;
UNLOCK TABLES;

--
-- Table structure for table `student_document`
--

DROP TABLE IF EXISTS `student_document`;
/*!40101 SET @saved_cs_client     = @@character_set_client */;
/*!50503 SET character_set_client = utf8mb4 */;
CREATE TABLE `student_document` (
  `document_id` varchar(10) NOT NULL,
  `student_id` varchar(10) DEFAULT NULL,
  `document_type` varchar(20) DEFAULT NULL,
  `file_path` varchar(100) DEFAULT NULL,
  `uploaded_date` date DEFAULT NULL,
  PRIMARY KEY (`document_id`),
  KEY `student_id` (`student_id`),
  CONSTRAINT `student_document_ibfk_1` FOREIGN KEY (`student_id`) REFERENCES `student` (`student_id`)
) ENGINE=InnoDB DEFAULT CHARSET=utf8mb4 COLLATE=utf8mb4_0900_ai_ci;
/*!40101 SET character_set_client = @saved_cs_client */;

--
-- Dumping data for table `student_document`
--

LOCK TABLES `student_document` WRITE;
/*!40000 ALTER TABLE `student_document` DISABLE KEYS */;
INSERT INTO `student_document` VALUES ('DOC501','STU101','Aadhar','/docs/aadhar_stu101.pdf','2023-06-15'),('DOC502','STU102','Birth Certificate','/docs/birth_stu102.pdf','2023-07-10'),('DOC503','STU103','Aadhar','/docs/aadhar_stu103.pdf','2023-05-20'),('DOC504','STU104','PAN','/docs/pan_stu104.pdf','2023-08-05'),('DOC505','STU105','Birth Certificate','/docs/birth_stu105.pdf','2023-09-12'),('DOC506','STU106','Aadhar','/docs/aadhar_stu106.pdf','2023-04-25'),('DOC507','STU107','PAN','/docs/pan_stu107.pdf','2023-07-18'),('DOC508','STU108','Birth Certificate','/docs/birth_stu108.pdf','2023-06-30'),('DOC509','STU109','Aadhar','/docs/aadhar_stu109.pdf','2023-05-02'),('DOC510','STU110','PAN','/docs/pan_stu110.pdf','2023-07-22');
/*!40000 ALTER TABLE `student_document` ENABLE KEYS */;
UNLOCK TABLES;

--
-- Table structure for table `student_history`
--

DROP TABLE IF EXISTS `student_history`;
/*!40101 SET @saved_cs_client     = @@character_set_client */;
/*!50503 SET character_set_client = utf8mb4 */;
CREATE TABLE `student_history` (
  `history_id` varchar(10) NOT NULL,
  `student_id` varchar(10) DEFAULT NULL,
  `prior_school_id` varchar(10) DEFAULT NULL,
  `transfer_certificate_id` varchar(10) DEFAULT NULL,
  `academic_record_id` varchar(10) DEFAULT NULL,
  `government_schemes` varchar(50) DEFAULT NULL,
  `history_date` date DEFAULT NULL,
  PRIMARY KEY (`history_id`),
  KEY `student_id` (`student_id`),
  KEY `prior_school_id` (`prior_school_id`),
  KEY `transfer_certificate_id` (`transfer_certificate_id`),
  KEY `academic_record_id` (`academic_record_id`),
  CONSTRAINT `student_history_ibfk_1` FOREIGN KEY (`student_id`) REFERENCES `student` (`student_id`),
  CONSTRAINT `student_history_ibfk_2` FOREIGN KEY (`prior_school_id`) REFERENCES `school` (`school_id`),
  CONSTRAINT `student_history_ibfk_3` FOREIGN KEY (`transfer_certificate_id`) REFERENCES `transfer_certificate` (`tc_id`),
  CONSTRAINT `student_history_ibfk_4` FOREIGN KEY (`academic_record_id`) REFERENCES `academic_record` (`record_id`)
) ENGINE=InnoDB DEFAULT CHARSET=utf8mb4 COLLATE=utf8mb4_0900_ai_ci;
/*!40101 SET character_set_client = @saved_cs_client */;

--
-- Dumping data for table `student_history`
--

LOCK TABLES `student_history` WRITE;
/*!40000 ALTER TABLE `student_history` DISABLE KEYS */;
INSERT INTO `student_history` VALUES ('HIS201','STU101','GA1274','TC301','AR401','Books','2023-06-15'),('HIS202','STU102','GA1274','TC302','AR402','Mid-Day Meal','2023-07-10'),('HIS203','STU103','GA1274','TC303','AR403','Books, Mid-Day Meal','2023-05-20'),('HIS204','STU104','GA1274','TC304','AR404',NULL,'2023-08-05'),('HIS205','STU105','GA1274','TC305','AR405','Books','2023-09-12'),('HIS206','STU106','GA1274','TC306','AR406','Mid-Day Meal','2023-04-25'),('HIS207','STU107','GA1274','TC307','AR407',NULL,'2023-07-18'),('HIS208','STU108','GA1274','TC308','AR408','Books','2023-06-30'),('HIS209','STU109','GA1274','TC309','AR409','Books, Mid-Day Meal','2023-05-02'),('HIS210','STU110','GA1274','TC310','AR410','Mid-Day Meal','2023-07-22');
/*!40000 ALTER TABLE `student_history` ENABLE KEYS */;
UNLOCK TABLES;

--
-- Table structure for table `students`
--

DROP TABLE IF EXISTS `students`;
/*!40101 SET @saved_cs_client     = @@character_set_client */;
/*!50503 SET character_set_client = utf8mb4 */;
CREATE TABLE `students` (
  `student_id` int NOT NULL AUTO_INCREMENT,
  `name` varchar(255) NOT NULL,
  `dob` date DEFAULT NULL,
  `aadhar_id` varchar(16) DEFAULT NULL,
  `current_school_id` int DEFAULT NULL,
  `enrollment_date` date DEFAULT NULL,
  `contact_info` varchar(100) DEFAULT NULL,
  `username` varchar(50) NOT NULL,
  `password` varchar(100) NOT NULL,
  PRIMARY KEY (`student_id`),
  UNIQUE KEY `username` (`username`),
  KEY `current_school_id` (`current_school_id`),
  CONSTRAINT `students_ibfk_1` FOREIGN KEY (`current_school_id`) REFERENCES `schools` (`school_id`)
) ENGINE=InnoDB AUTO_INCREMENT=27 DEFAULT CHARSET=utf8mb4 COLLATE=utf8mb4_0900_ai_ci;
/*!40101 SET character_set_client = @saved_cs_client */;

--
-- Dumping data for table `students`
--

LOCK TABLES `students` WRITE;
/*!40000 ALTER TABLE `students` DISABLE KEYS */;
INSERT INTO `students` VALUES (1,'Rahul Kumar','2010-05-15','123456789012',1,'2020-06-01','+91 9876543210','student1','password123'),(2,'Priya Singh','2011-03-22','234567890123',1,'2021-06-05','+91 9876543211','student2','password456'),(3,'Amit Sharma','2009-11-08','345678901234',2,'2019-06-10','+91 9876543212','student3','password789'),(4,'Neha Patel','2010-02-18','456789012345',1,'2020-06-15','+91 9876543213','student4','password101'),(5,'Vikram Reddy','2009-08-30','567890123456',3,'2018-06-20','+91 9876543214','student5','password102'),(6,'John Doe','2005-01-15',NULL,1,NULL,'john.doe@example.com','john.doe','password123'),(7,'Anjali Verma','2012-04-10','678901234567',2,'2022-06-01','+91 9876543215','student7','password103'),(8,'Rohit Gupta','2011-12-12','789012345678',3,'2021-06-05','+91 9876543216','student8','password104'),(9,'Sneha Mishra','2008-10-25','890123456789',2,'2017-06-10','+91 9876543217','student9','password105'),(10,'Arjun Rao','2009-07-19','901234567890',1,'2019-06-15','+91 9876543218','student10','password106'),(11,'Meera Das','2010-03-03','012345678901',3,'2020-06-20','+91 9876543219','student11','password107'),(12,'Kabir Khan','2009-09-09','112345678902',1,'2018-06-25','+91 9876543220','student12','password108'),(13,'Isha Roy','2012-05-14','212345678903',2,'2022-06-30','+91 9876543221','student13','password109'),(14,'Aditya Jain','2008-11-22','312345678904',3,'2017-07-05','+91 9876543222','student14','password110'),(15,'Pooja Mehta','2007-06-06','412345678905',1,'2016-06-10','+91 9876543223','student15','password111'),(16,'Rahul Tiwari','2006-02-15','512345678906',2,'2015-06-15','+91 9876543224','student16','password112'),(17,'Simran Kaur','2010-09-29','612345678907',3,'2020-06-20','+91 9876543225','student17','password113'),(18,'Kunal Singh','2005-12-13',NULL,2,NULL,'kunal.singh@example.com','kunal.singh','password114'),(19,'Rhea Sharma','2011-01-20','712345678908',1,'2021-06-25','+91 9876543226','student18','password115'),(20,'Manoj Kumar','2009-03-18','812345678909',3,'2018-06-30','+91 9876543227','student19','password116'),(21,'Sanya Malhotra','2007-08-08','912345678910',2,'2016-07-05','+91 9876543228','student20','password117'),(22,'Deepak Joshi','2012-10-10','012345678911',1,'2022-07-10','+91 9876543229','student21','password118'),(23,'Tina Dsouza','2011-05-05',NULL,1,NULL,'tina.dsouza@example.com','tina.dsouza','password119'),(24,'Aarav Mittal','2006-07-07','112345678912',3,'2015-07-15','+91 9876543230','student22','password120'),(25,'Neeraj Bansal','2008-04-04','212345678913',2,'2017-07-20','+91 9876543231','student23','password121'),(26,'Ritika Kapoor','2009-01-01','312345678914',1,'2018-07-25','+91 9876543232','student24','password122');
/*!40000 ALTER TABLE `students` ENABLE KEYS */;
UNLOCK TABLES;

--
-- Table structure for table `transfer_certificate`
--

DROP TABLE IF EXISTS `transfer_certificate`;
/*!40101 SET @saved_cs_client     = @@character_set_client */;
/*!50503 SET character_set_client = utf8mb4 */;
CREATE TABLE `transfer_certificate` (
  `tc_id` varchar(10) NOT NULL,
  `student_id` varchar(10) DEFAULT NULL,
  `from_school` varchar(50) DEFAULT NULL,
  `to_school` varchar(50) DEFAULT NULL,
  `reason` varchar(100) DEFAULT NULL,
  `status` varchar(20) DEFAULT NULL,
  `request_date` date DEFAULT NULL,
  `approval_date` date DEFAULT NULL,
  `digital_signature` varchar(50) DEFAULT NULL,
  PRIMARY KEY (`tc_id`),
  KEY `student_id` (`student_id`),
  CONSTRAINT `transfer_certificate_ibfk_1` FOREIGN KEY (`student_id`) REFERENCES `student` (`student_id`)
) ENGINE=InnoDB DEFAULT CHARSET=utf8mb4 COLLATE=utf8mb4_0900_ai_ci;
/*!40101 SET character_set_client = @saved_cs_client */;

--
-- Dumping data for table `transfer_certificate`
--

LOCK TABLES `transfer_certificate` WRITE;
/*!40000 ALTER TABLE `transfer_certificate` DISABLE KEYS */;
INSERT INTO `transfer_certificate` VALUES ('TC301','STU101','PM Shri Mahatma Gandhi Govt School','Delhi Public School','Relocation due to job transfer','Pending','2025-03-05',NULL,'Signed by Principal'),('TC302','STU102','Green Valley High School','PM Shri Mahatma Gandhi Govt School','Seeking better academic opportunities','Approved','2025-02-20','2025-03-01','Signed by Principal'),('TC303','STU103','St. Mary\'s Convent','St. Xavier\'s High School','Financial constraints','Rejected','2025-01-15','2025-01-20','Signed by Principal'),('TC304','STU104','Bright Future Academy','PM Shri Mahatma Gandhi Govt School','Change in family residence','Pending','2025-03-01',NULL,'Signed by Principal'),('TC305','STU105','PM Shri Mahatma Gandhi Govt School','DAV Public School','Health issues requiring relocation','Approved','2025-02-10','2025-02-18','Signed by Principal'),('TC306','STU106','Blue Bells Model School','National Public School','Change in curriculum preference','Pending','2025-03-03',NULL,'Signed by Principal'),('TC307','STU107','Little Flower High School','PM Shri Mahatma Gandhi Govt School','Bullying concerns','Approved','2025-01-28','2025-02-05','Signed by Principal'),('TC308','STU108','Silver Oak Public School','Springfield School','Family migration','Pending','2025-03-04',NULL,'Signed by Principal'),('TC309','STU109','PM Shri Mahatma Gandhi Govt School','Cambridge International School','Better extracurricular programs','Rejected','2025-02-25','2025-03-02','Signed by Principal'),('TC310','STU110','Heritage Global School','PM Shri Mahatma Gandhi Govt School','Parental job transfer','Approved','2025-02-15','2025-02-22','Signed by Principal');
/*!40000 ALTER TABLE `transfer_certificate` ENABLE KEYS */;
UNLOCK TABLES;

--
-- Table structure for table `transfer_certificates`
--

DROP TABLE IF EXISTS `transfer_certificates`;
/*!40101 SET @saved_cs_client     = @@character_set_client */;
/*!50503 SET character_set_client = utf8mb4 */;
CREATE TABLE `transfer_certificates` (
  `tc_id` int NOT NULL AUTO_INCREMENT,
  `student_id` int NOT NULL,
  `application_date` date NOT NULL,
  `destination_school` varchar(255) NOT NULL,
  `reason` text NOT NULL,
  `transfer_date` date NOT NULL,
  `status` enum('pending','approved','rejected') DEFAULT 'pending',
  `comments` text,
  `processed_by` varchar(100) DEFAULT NULL,
  `processed_date` date DEFAULT NULL,
  `created_at` timestamp NULL DEFAULT CURRENT_TIMESTAMP,
  PRIMARY KEY (`tc_id`),
  KEY `student_id` (`student_id`),
  CONSTRAINT `transfer_certificates_ibfk_1` FOREIGN KEY (`student_id`) REFERENCES `students` (`student_id`)
) ENGINE=InnoDB AUTO_INCREMENT=7 DEFAULT CHARSET=utf8mb4 COLLATE=utf8mb4_0900_ai_ci;
/*!40101 SET character_set_client = @saved_cs_client */;

--
-- Dumping data for table `transfer_certificates`
--

LOCK TABLES `transfer_certificates` WRITE;
/*!40000 ALTER TABLE `transfer_certificates` DISABLE KEYS */;
INSERT INTO `transfer_certificates` VALUES (1,1,'2024-01-15','ABC High School','Family relocation','2024-03-01','approved','Application approved after verification','Admin User',NULL,'2025-05-01 14:15:17'),(2,2,'2024-02-01','XYZ Public School','Change of residence','2024-04-01','pending','ok\n','Rohit Gupta','2025-05-02','2025-05-01 14:15:17'),(3,3,'2024-01-20','Global Academy','Better educational opportunities','2024-03-15','pending','Insufficient documentation','Rohit Gupta','2025-05-02','2025-05-01 14:15:17'),(4,1,'2025-05-01','Haward','Dad Transfer','2025-05-03','rejected','waiting for more documents to be uploaded\n','Administrator','2025-05-02','2025-05-01 14:16:46');
/*!40000 ALTER TABLE `transfer_certificates` ENABLE KEYS */;
UNLOCK TABLES;
/*!40103 SET TIME_ZONE=@OLD_TIME_ZONE */;

/*!40101 SET SQL_MODE=@OLD_SQL_MODE */;
/*!40014 SET FOREIGN_KEY_CHECKS=@OLD_FOREIGN_KEY_CHECKS */;
/*!40014 SET UNIQUE_CHECKS=@OLD_UNIQUE_CHECKS */;
/*!40101 SET CHARACTER_SET_CLIENT=@OLD_CHARACTER_SET_CLIENT */;
/*!40101 SET CHARACTER_SET_RESULTS=@OLD_CHARACTER_SET_RESULTS */;
/*!40101 SET COLLATION_CONNECTION=@OLD_COLLATION_CONNECTION */;
/*!40111 SET SQL_NOTES=@OLD_SQL_NOTES */;

-- Dump completed on 2025-05-02 16:42:42
